timestamp,protocol,loss_rate_pct,trial,fw_size_bytes,total_time_sec,tx_frames,rx_frames,total_frames,retransmit_frames,overhead_pct,status
2026-05-22 13:43:01,RAW ISO-TP,0.00000,1,65536,6.660,9474,514,9988,0,0.00,OK
2026-05-22 13:43:12,RAW ISO-TP,0.00000,2,65536,6.660,9474,514,9988,0,0.00,OK
2026-05-22 13:43:23,RAW ISO-TP,0.00000,3,65536,6.664,9474,514,9988,0,0.00,OK
2026-05-22 13:43:33,RAW ISO-TP,0.00000,4,65536,6.660,9474,514,9988,0,0.00,OK
2026-05-22 13:43:44,RAW ISO-TP,0.00000,5,65536,6.663,9474,514,9988,0,0.00,OK
2026-05-22 13:43:55,RAW ISO-TP,0.00000,6,65536,6.666,9474,514,9988,0,0.00,OK
2026-05-22 13:44:06,RAW ISO-TP,0.00000,7,65536,6.663,9474,514,9988,0,0.00,OK
2026-05-22 13:44:16,RAW ISO-TP,0.00000,8,65536,6.664,9474,514,9988,0,0.00,OK
2026-05-22 13:44:27,RAW ISO-TP,0.00000,9,65536,6.660,9474,514,9988,0,0.00,OK
2026-05-22 13:44:38,RAW ISO-TP,0.00000,10,65536,6.660,9474,514,9988,0,0.00,OK
2026-05-22 13:44:48,RAW ISO-TP,0.00000,11,65536,6.664,9474,514,9988,0,0.00,OK
2026-05-22 13:44:59,RAW ISO-TP,0.00000,12,65536,6.658,9474,514,9988,0,0.00,OK
2026-05-22 13:45:10,RAW ISO-TP,0.00000,13,65536,6.660,9474,514,9988,0,0.00,OK
2026-05-22 13:45:21,RAW ISO-TP,0.00000,14,65536,6.660,9474,514,9988,0,0.00,OK
2026-05-22 13:45:31,RAW ISO-TP,0.00000,15,65536,6.657,9474,514,9988,0,0.00,OK
2026-05-22 13:45:42,RAW ISO-TP,0.00000,16,65536,6.658,9474,514,9988,0,0.00,OK
2026-05-22 13:45:53,RAW ISO-TP,0.00000,17,65536,6.659,9474,514,9988,0,0.00,OK
2026-05-22 13:46:04,RAW ISO-TP,0.00000,18,65536,6.662,9474,514,9988,0,0.00,OK
2026-05-22 13:46:14,RAW ISO-TP,0.00000,19,65536,6.660,9474,514,9988,0,0.00,OK
2026-05-22 13:46:25,RAW ISO-TP,0.00000,20,65536,6.669,9474,514,9988,0,0.00,OK
2026-05-22 13:46:36,RAW ISO-TP,0.00000,21,65536,6.661,9474,514,9988,0,0.00,OK
2026-05-22 13:46:46,RAW ISO-TP,0.00000,22,65536,6.665,9474,514,9988,0,0.00,OK
2026-05-22 13:46:57,RAW ISO-TP,0.00000,23,65536,6.662,9474,514,9988,0,0.00,OK
2026-05-22 13:47:08,RAW ISO-TP,0.00000,24,65536,6.659,9474,514,9988,0,0.00,OK
2026-05-22 13:47:19,RAW ISO-TP,0.00000,25,65536,6.664,9474,514,9988,0,0.00,OK
2026-05-22 13:47:29,RAW ISO-TP,0.00000,26,65536,6.658,9474,514,9988,0,0.00,OK
2026-05-22 13:47:40,RAW ISO-TP,0.00000,27,65536,6.655,9474,514,9988,0,0.00,OK
2026-05-22 13:47:51,RAW ISO-TP,0.00000,28,65536,6.660,9474,514,9988,0,0.00,OK
2026-05-22 13:48:02,RAW ISO-TP,0.00000,29,65536,6.658,9474,514,9988,0,0.00,OK
2026-05-22 13:48:12,RAW ISO-TP,0.00000,30,65536,6.668,9474,514,9988,0,0.00,OK
2026-05-22 13:48:23,RAW ISO-TP,0.01000,1,65536,6.827,9510,515,10025,37,0.39,OK
2026-05-22 13:48:34,RAW ISO-TP,0.01000,2,65536,6.666,9474,514,9988,0,0.00,OK
2026-05-22 13:48:45,RAW ISO-TP,0.01000,3,65536,6.820,9510,515,10025,37,0.39,OK
2026-05-22 13:48:56,RAW ISO-TP,0.01000,4,65536,6.981,9546,516,10062,74,0.78,OK
2026-05-22 13:49:07,RAW ISO-TP,0.01000,5,65536,7.292,9618,518,10136,148,1.54,OK
2026-05-22 13:49:18,RAW ISO-TP,0.01000,6,65536,6.663,9474,514,9988,0,0.00,OK
2026-05-22 13:49:29,RAW ISO-TP,0.01000,7,65536,6.664,9474,514,9988,0,0.00,OK
2026-05-22 13:49:40,RAW ISO-TP,0.01000,8,65536,6.818,9510,515,10025,37,0.39,OK
2026-05-22 13:49:50,RAW ISO-TP,0.01000,9,65536,6.665,9474,514,9988,0,0.00,OK
2026-05-22 13:50:01,RAW ISO-TP,0.01000,10,65536,6.817,9510,515,10025,37,0.39,OK
2026-05-22 13:50:12,RAW ISO-TP,0.01000,11,65536,6.822,9510,515,10025,37,0.39,OK
2026-05-22 13:50:23,RAW ISO-TP,0.01000,12,65536,6.663,9474,514,9988,0,0.00,OK
2026-05-22 13:50:34,RAW ISO-TP,0.01000,13,65536,6.974,9546,516,10062,74,0.78,OK
2026-05-22 13:50:45,RAW ISO-TP,0.01000,14,65536,6.662,9474,514,9988,0,0.00,OK
2026-05-22 13:50:55,RAW ISO-TP,0.01000,15,65536,6.816,9510,515,10025,37,0.39,OK
2026-05-22 13:51:06,RAW ISO-TP,0.01000,16,65536,6.663,9474,514,9988,0,0.00,OK
2026-05-22 13:51:17,RAW ISO-TP,0.01000,17,65536,6.979,9546,516,10062,74,0.78,OK
2026-05-22 13:51:28,RAW ISO-TP,0.01000,18,65536,6.822,9510,515,10025,37,0.39,OK
2026-05-22 13:51:39,RAW ISO-TP,0.01000,19,65536,6.822,9510,515,10025,37,0.39,OK
2026-05-22 13:51:50,RAW ISO-TP,0.01000,20,65536,6.662,9474,514,9988,0,0.00,OK
2026-05-22 13:52:00,RAW ISO-TP,0.01000,21,65536,6.663,9474,514,9988,0,0.00,OK
2026-05-22 13:52:11,RAW ISO-TP,0.01000,22,65536,6.660,9474,514,9988,0,0.00,OK
2026-05-22 13:52:22,RAW ISO-TP,0.01000,23,65536,6.663,9474,514,9988,0,0.00,OK
2026-05-22 13:52:33,RAW ISO-TP,0.01000,24,65536,6.662,9474,514,9988,0,0.00,OK
2026-05-22 13:52:43,RAW ISO-TP,0.01000,25,65536,6.666,9474,514,9988,0,0.00,OK
2026-05-22 13:52:54,RAW ISO-TP,0.01000,26,65536,6.978,9546,516,10062,74,0.78,OK
2026-05-22 13:53:05,RAW ISO-TP,0.01000,27,65536,6.666,9474,514,9988,0,0.00,OK
2026-05-22 13:53:16,RAW ISO-TP,0.01000,28,65536,6.824,9510,515,10025,37,0.39,OK
2026-05-22 13:53:27,RAW ISO-TP,0.01000,29,65536,6.672,9474,514,9988,0,0.00,OK
2026-05-22 13:53:38,RAW ISO-TP,0.01000,30,65536,6.825,9510,515,10025,37,0.39,OK
2026-05-22 13:53:50,RAW ISO-TP,0.05000,1,65536,7.914,9762,522,10284,296,3.03,OK
2026-05-22 13:54:01,RAW ISO-TP,0.05000,2,65536,7.131,9582,517,10099,111,1.16,OK
2026-05-22 13:54:12,RAW ISO-TP,0.05000,3,65536,7.293,9618,518,10136,148,1.54,OK
2026-05-22 13:54:24,RAW ISO-TP,0.05000,4,65536,7.458,9654,519,10173,185,1.92,OK
2026-05-22 13:54:35,RAW ISO-TP,0.05000,5,65536,7.131,9582,517,10099,111,1.16,OK
2026-05-22 13:54:46,RAW ISO-TP,0.05000,6,65536,6.983,9546,516,10062,74,0.78,OK
2026-05-22 13:54:57,RAW ISO-TP,0.05000,7,65536,7.136,9582,517,10099,111,1.16,OK
2026-05-22 13:55:09,RAW ISO-TP,0.05000,8,65536,7.450,9654,519,10173,185,1.92,OK
2026-05-22 13:55:20,RAW ISO-TP,0.05000,9,65536,7.448,9654,519,10173,185,1.92,OK
2026-05-22 13:55:32,RAW ISO-TP,0.05000,10,65536,7.288,9618,518,10136,148,1.54,OK
2026-05-22 13:55:43,RAW ISO-TP,0.05000,11,65536,7.764,9726,521,10247,259,2.66,OK
2026-05-22 13:55:56,RAW ISO-TP,0.05000,12,65536,8.702,9942,527,10469,481,4.84,OK
2026-05-22 13:56:08,RAW ISO-TP,0.05000,13,65536,7.916,9762,522,10284,296,3.03,OK
2026-05-22 13:56:20,RAW ISO-TP,0.05000,14,65536,7.603,9690,520,10210,222,2.29,OK
2026-05-22 13:56:31,RAW ISO-TP,0.05000,15,65536,7.135,9582,517,10099,111,1.16,OK
2026-05-22 13:56:43,RAW ISO-TP,0.05000,16,65536,7.447,9654,519,10173,185,1.92,OK
2026-05-22 13:56:54,RAW ISO-TP,0.05000,17,65536,7.757,9726,521,10247,259,2.66,OK
2026-05-22 13:57:06,RAW ISO-TP,0.05000,18,65536,7.137,9582,517,10099,111,1.16,OK
2026-05-22 13:57:17,RAW ISO-TP,0.05000,19,65536,7.290,9618,518,10136,148,1.54,OK
2026-05-22 13:57:29,RAW ISO-TP,0.05000,20,65536,7.756,9726,521,10247,259,2.66,OK
2026-05-22 13:57:40,RAW ISO-TP,0.05000,21,65536,6.974,9546,516,10062,74,0.78,OK
2026-05-22 13:57:51,RAW ISO-TP,0.05000,22,65536,7.289,9618,518,10136,148,1.54,OK
2026-05-22 13:58:03,RAW ISO-TP,0.05000,23,65536,7.605,9690,520,10210,222,2.29,OK
2026-05-22 13:58:14,RAW ISO-TP,0.05000,24,65536,7.451,9654,519,10173,185,1.92,OK
2026-05-22 13:58:26,RAW ISO-TP,0.05000,25,65536,7.446,9654,519,10173,185,1.92,OK
2026-05-22 13:58:37,RAW ISO-TP,0.05000,26,65536,7.131,9582,517,10099,111,1.16,OK
2026-05-22 13:58:49,RAW ISO-TP,0.05000,27,65536,7.769,9726,521,10247,259,2.66,OK
2026-05-22 13:59:00,RAW ISO-TP,0.05000,28,65536,7.289,9618,518,10136,148,1.54,OK
2026-05-22 13:59:12,RAW ISO-TP,0.05000,29,65536,7.292,9618,518,10136,148,1.54,OK
2026-05-22 13:59:23,RAW ISO-TP,0.05000,30,65536,6.821,9510,515,10025,37,0.39,OK
2026-05-22 13:59:34,RAW ISO-TP,0.10000,1,65536,7.286,9618,518,10136,148,1.54,OK
2026-05-22 13:59:46,RAW ISO-TP,0.10000,2,65536,7.599,9690,520,10210,222,2.29,OK
2026-05-22 13:59:57,RAW ISO-TP,0.10000,3,65536,7.447,9654,519,10173,185,1.92,OK
2026-05-22 14:00:09,RAW ISO-TP,0.10000,4,65536,8.076,9798,523,10321,333,3.40,OK
2026-05-22 14:00:21,RAW ISO-TP,0.10000,5,65536,7.913,9762,522,10284,296,3.03,OK
2026-05-22 14:00:33,RAW ISO-TP,0.10000,6,65536,7.601,9690,520,10210,222,2.29,OK
2026-05-22 14:00:45,RAW ISO-TP,0.10000,7,65536,7.919,9762,522,10284,296,3.03,OK
2026-05-22 14:00:57,RAW ISO-TP,0.10000,8,65536,8.229,9834,524,10358,370,3.76,OK
2026-05-22 14:01:09,RAW ISO-TP,0.10000,9,65536,7.762,9726,521,10247,259,2.66,OK
2026-05-22 14:01:21,RAW ISO-TP,0.10000,10,65536,7.918,9762,522,10284,296,3.03,OK
2026-05-22 14:01:33,RAW ISO-TP,0.10000,11,65536,8.233,9834,524,10358,370,3.76,OK
2026-05-22 14:01:47,RAW ISO-TP,0.10000,12,65536,9.323,10086,531,10617,629,6.24,OK
2026-05-22 14:01:59,RAW ISO-TP,0.10000,13,65536,8.072,9798,523,10321,333,3.40,OK
2026-05-22 14:02:12,RAW ISO-TP,0.10000,14,65536,8.855,9978,528,10506,518,5.19,OK
2026-05-22 14:02:24,RAW ISO-TP,0.10000,15,65536,7.763,9726,521,10247,259,2.66,OK
2026-05-22 14:02:36,RAW ISO-TP,0.10000,16,65536,8.074,9797,523,10320,333,3.40,OK
2026-05-22 14:02:48,RAW ISO-TP,0.10000,17,65536,8.707,9942,527,10469,481,4.84,OK
2026-05-22 14:03:01,RAW ISO-TP,0.10000,18,65536,8.074,9798,523,10321,333,3.40,OK
2026-05-22 14:03:12,RAW ISO-TP,0.10000,19,65536,7.608,9690,520,10210,222,2.29,OK
2026-05-22 14:03:23,RAW ISO-TP,0.10000,20,65536,6.972,9546,516,10062,74,0.78,OK
2026-05-22 14:03:35,RAW ISO-TP,0.10000,21,65536,7.918,9762,522,10284,296,3.03,OK
2026-05-22 14:03:48,RAW ISO-TP,0.10000,22,65536,8.539,9905,526,10431,444,4.48,OK
2026-05-22 14:04:00,RAW ISO-TP,0.10000,23,65536,7.758,9726,521,10247,259,2.66,OK
2026-05-22 14:04:13,RAW ISO-TP,0.10000,24,65536,8.857,9977,528,10505,518,5.19,OK
2026-05-22 14:04:25,RAW ISO-TP,0.10000,25,65536,8.073,9798,523,10321,333,3.40,OK
2026-05-22 14:04:37,RAW ISO-TP,0.10000,26,65536,8.070,9798,523,10321,333,3.40,OK
2026-05-22 14:04:49,RAW ISO-TP,0.10000,27,65536,8.387,9870,525,10395,407,4.12,OK
2026-05-22 14:05:01,RAW ISO-TP,0.10000,28,65536,8.076,9798,523,10321,333,3.40,OK
2026-05-22 14:05:14,RAW ISO-TP,0.10000,29,65536,8.698,9941,527,10468,481,4.84,OK
2026-05-22 14:05:27,RAW ISO-TP,0.10000,30,65536,8.542,9906,526,10432,444,4.48,OK
2026-05-22 14:12:34,Custom,0.00000,1,65536,6.142,9474,258,9732,0,0.00,OK
2026-05-22 14:12:45,Custom,0.00000,2,65536,6.143,9474,258,9732,0,0.00,OK
2026-05-22 14:12:55,Custom,0.00000,3,65536,6.142,9474,258,9732,0,0.00,OK
2026-05-22 14:13:06,Custom,0.00000,4,65536,6.140,9474,258,9732,0,0.00,OK
2026-05-22 14:13:17,Custom,0.00000,5,65536,6.141,9474,258,9732,0,0.00,OK
2026-05-22 14:13:28,Custom,0.00000,6,65536,6.141,9474,258,9732,0,0.00,OK
2026-05-22 14:13:38,Custom,0.00000,7,65536,6.141,9474,258,9732,0,0.00,OK
2026-05-22 14:13:49,Custom,0.00000,8,65536,6.140,9474,258,9732,0,0.00,OK
2026-05-22 14:14:00,Custom,0.00000,9,65536,6.140,9474,258,9732,0,0.00,OK
2026-05-22 14:14:11,Custom,0.00000,10,65536,6.148,9474,258,9732,0,0.00,OK
2026-05-22 14:14:22,Custom,0.00000,11,65536,6.137,9474,258,9732,0,0.00,OK
2026-05-22 14:14:32,Custom,0.00000,12,65536,6.142,9474,258,9732,0,0.00,OK
2026-05-22 14:14:43,Custom,0.00000,13,65536,6.140,9474,258,9732,0,0.00,OK
2026-05-22 14:14:54,Custom,0.00000,14,65536,6.142,9474,258,9732,0,0.00,OK
2026-05-22 14:15:05,Custom,0.00000,15,65536,6.145,9474,258,9732,0,0.00,OK
2026-05-22 14:15:15,Custom,0.00000,16,65536,6.140,9474,258,9732,0,0.00,OK
2026-05-22 14:15:26,Custom,0.00000,17,65536,6.143,9474,258,9732,0,0.00,OK
2026-05-22 14:15:37,Custom,0.00000,18,65536,6.141,9474,258,9732,0,0.00,OK
2026-05-22 14:15:48,Custom,0.00000,19,65536,6.145,9474,258,9732,0,0.00,OK
2026-05-22 14:15:59,Custom,0.00000,20,65536,6.139,9474,258,9732,0,0.00,OK
2026-05-22 14:16:09,Custom,0.00000,21,65536,6.139,9474,258,9732,0,0.00,OK
2026-05-22 14:16:20,Custom,0.00000,22,65536,6.141,9474,258,9732,0,0.00,OK
2026-05-22 14:16:31,Custom,0.00000,23,65536,6.142,9474,258,9732,0,0.00,OK
2026-05-22 14:16:42,Custom,0.00000,24,65536,6.140,9474,258,9732,0,0.00,OK
2026-05-22 14:16:52,Custom,0.00000,25,65536,6.143,9474,258,9732,0,0.00,OK
2026-05-22 14:17:03,Custom,0.00000,26,65536,6.155,9474,258,9732,0,0.00,OK
2026-05-22 14:17:14,Custom,0.00000,27,65536,6.140,9474,258,9732,0,0.00,OK
2026-05-22 14:17:25,Custom,0.00000,28,65536,6.150,9474,258,9732,0,0.00,OK
2026-05-22 14:17:36,Custom,0.00000,29,65536,6.142,9474,258,9732,0,0.00,OK
2026-05-22 14:17:46,Custom,0.00000,30,65536,6.141,9474,258,9732,0,0.00,OK
2026-05-22 14:17:57,Custom,0.01000,1,65536,6.146,9476,260,9736,2,0.02,OK
2026-05-22 14:18:08,Custom,0.01000,2,65536,6.144,9474,258,9732,0,0.00,OK
2026-05-22 14:18:19,Custom,0.01000,3,65536,6.144,9476,260,9736,2,0.02,OK
2026-05-22 14:18:29,Custom,0.01000,4,65536,6.144,9474,258,9732,0,0.00,OK
2026-05-22 14:18:40,Custom,0.01000,5,65536,6.143,9475,259,9734,1,0.01,OK
2026-05-22 14:18:51,Custom,0.01000,6,65536,6.144,9475,259,9734,1,0.01,OK
2026-05-22 14:19:02,Custom,0.01000,7,65536,6.146,9475,259,9734,1,0.01,OK
2026-05-22 14:19:13,Custom,0.01000,8,65536,6.145,9475,259,9734,1,0.01,OK
2026-05-22 14:19:23,Custom,0.01000,9,65536,6.144,9475,259,9734,1,0.01,OK
2026-05-22 14:19:34,Custom,0.01000,10,65536,6.146,9475,259,9734,1,0.01,OK
2026-05-22 14:19:45,Custom,0.01000,11,65536,6.146,9475,259,9734,1,0.01,OK
2026-05-22 14:19:56,Custom,0.01000,12,65536,6.146,9475,259,9734,1,0.01,OK
2026-05-22 14:20:06,Custom,0.01000,13,65536,6.145,9475,259,9734,1,0.01,OK
2026-05-22 14:20:17,Custom,0.01000,14,65536,6.143,9474,258,9732,0,0.00,OK
2026-05-22 14:20:28,Custom,0.01000,15,65536,6.144,9474,258,9732,0,0.00,OK
2026-05-22 14:20:39,Custom,0.01000,16,65536,6.144,9475,259,9734,1,0.01,OK
2026-05-22 14:20:50,Custom,0.01000,17,65536,6.150,9474,258,9732,0,0.00,OK
2026-05-22 14:21:00,Custom,0.01000,18,65536,6.142,9475,259,9734,1,0.01,OK
2026-05-22 14:21:11,Custom,0.01000,19,65536,6.142,9475,259,9734,1,0.01,OK
2026-05-22 14:21:22,Custom,0.01000,20,65536,6.145,9476,260,9736,2,0.02,OK
2026-05-22 14:21:33,Custom,0.01000,21,65536,6.143,9475,259,9734,1,0.01,OK
2026-05-22 14:21:43,Custom,0.01000,22,65536,6.143,9474,258,9732,0,0.00,OK
2026-05-22 14:21:54,Custom,0.01000,23,65536,6.143,9475,259,9734,1,0.01,OK
2026-05-22 14:22:05,Custom,0.01000,24,65536,6.146,9474,258,9732,0,0.00,OK
2026-05-22 14:22:16,Custom,0.01000,25,65536,6.147,9475,259,9734,1,0.01,OK
2026-05-22 14:22:27,Custom,0.01000,26,65536,6.147,9475,259,9734,1,0.01,OK
2026-05-22 14:22:37,Custom,0.01000,27,65536,6.150,9477,261,9738,3,0.03,OK
2026-05-22 14:22:48,Custom,0.01000,28,65536,6.146,9474,258,9732,0,0.00,OK
2026-05-22 14:22:59,Custom,0.01000,29,65536,6.144,9474,258,9732,0,0.00,OK
2026-05-22 14:23:10,Custom,0.01000,30,65536,6.145,9477,261,9738,3,0.03,OK
2026-05-22 14:23:21,Custom,0.05000,1,65536,6.147,9478,262,9740,4,0.04,OK
2026-05-22 14:23:31,Custom,0.05000,2,65536,6.293,9478,261,9739,4,0.04,OK
2026-05-22 14:23:42,Custom,0.05000,3,65536,6.292,9477,260,9737,3,0.03,OK
2026-05-22 14:23:53,Custom,0.05000,4,65536,6.145,9475,259,9734,1,0.01,OK
2026-05-22 14:24:04,Custom,0.05000,5,65536,6.145,9475,259,9734,1,0.01,OK
2026-05-22 14:24:15,Custom,0.05000,6,65536,6.151,9479,263,9742,5,0.05,OK
2026-05-22 14:24:26,Custom,0.05000,7,65536,6.150,9478,262,9740,4,0.04,OK
2026-05-22 14:24:36,Custom,0.05000,8,65536,6.304,9481,264,9745,7,0.07,OK
2026-05-22 14:24:47,Custom,0.05000,9,65536,6.148,9481,265,9746,7,0.07,OK
2026-05-22 14:24:58,Custom,0.05000,10,65536,6.297,9483,266,9749,9,0.09,OK
2026-05-22 14:25:09,Custom,0.05000,11,65536,6.150,9480,264,9744,6,0.06,OK
2026-05-22 14:25:20,Custom,0.05000,12,65536,6.145,9477,261,9738,3,0.03,OK
2026-05-22 14:25:31,Custom,0.05000,13,65536,6.145,9476,260,9736,2,0.02,OK
2026-05-22 14:25:41,Custom,0.05000,14,65536,6.146,9477,261,9738,3,0.03,OK
2026-05-22 14:25:52,Custom,0.05000,15,65536,6.146,9476,260,9736,2,0.02,OK
2026-05-22 14:26:03,Custom,0.05000,16,65536,6.147,9477,261,9738,3,0.03,OK
2026-05-22 14:26:14,Custom,0.05000,17,65536,6.148,9480,264,9744,6,0.06,OK
2026-05-22 14:26:25,Custom,0.05000,18,65536,6.292,9477,260,9737,3,0.03,OK
2026-05-22 14:26:35,Custom,0.05000,19,65536,6.154,9482,266,9748,8,0.08,OK
2026-05-22 14:26:46,Custom,0.05000,20,65536,6.148,9480,264,9744,6,0.06,OK
2026-05-22 14:26:57,Custom,0.05000,21,65536,6.292,9478,261,9739,4,0.04,OK
2026-05-22 14:27:08,Custom,0.05000,22,65536,6.147,9478,262,9740,4,0.04,OK
2026-05-22 14:27:19,Custom,0.05000,23,65536,6.153,9476,260,9736,2,0.02,OK
2026-05-22 14:27:29,Custom,0.05000,24,65536,6.147,9482,265,9747,8,0.08,OK
2026-05-22 14:27:40,Custom,0.05000,25,65536,6.145,9477,261,9738,3,0.03,OK
2026-05-22 14:27:51,Custom,0.05000,26,65536,6.295,9479,262,9741,5,0.05,OK
2026-05-22 14:28:02,Custom,0.05000,27,65536,6.148,9480,264,9744,6,0.06,OK
2026-05-22 14:28:13,Custom,0.05000,28,65536,6.297,9481,264,9745,7,0.07,OK
2026-05-22 14:28:24,Custom,0.05000,29,65536,6.142,9477,261,9738,3,0.03,OK
2026-05-22 14:28:34,Custom,0.05000,30,65536,6.148,9480,264,9744,6,0.06,OK
2026-05-22 14:28:45,Custom,0.10000,1,65536,6.149,9483,267,9750,9,0.09,OK
2026-05-22 14:28:56,Custom,0.10000,2,65536,6.155,9486,270,9756,12,0.13,OK
2026-05-22 14:29:07,Custom,0.10000,3,65536,6.164,9485,269,9754,11,0.12,OK
2026-05-22 14:29:18,Custom,0.10000,4,65536,6.158,9484,268,9752,10,0.11,OK
2026-05-22 14:29:28,Custom,0.10000,5,65536,6.149,9480,264,9744,6,0.06,OK
2026-05-22 14:29:39,Custom,0.10000,6,65536,6.154,9487,270,9757,13,0.14,OK
2026-05-22 14:29:50,Custom,0.10000,7,65536,6.296,9485,268,9753,11,0.12,OK
2026-05-22 14:30:01,Custom,0.10000,8,65536,6.304,9487,270,9757,13,0.14,OK
2026-05-22 14:30:12,Custom,0.10000,9,65536,6.149,9484,268,9752,10,0.11,OK
2026-05-22 14:30:23,Custom,0.10000,10,65536,6.151,9483,266,9749,9,0.09,OK
2026-05-22 14:30:33,Custom,0.10000,11,65536,6.305,9486,269,9755,12,0.13,OK
2026-05-22 14:30:44,Custom,0.10000,12,65536,6.147,9482,266,9748,8,0.08,OK
2026-05-22 14:30:55,Custom,0.10000,13,65536,6.299,9485,268,9753,11,0.12,OK
2026-05-22 14:31:06,Custom,0.10000,14,65536,6.296,9480,263,9743,6,0.06,OK
2026-05-22 14:31:17,Custom,0.10000,15,65536,6.150,9482,266,9748,8,0.08,OK
2026-05-22 14:31:28,Custom,0.10000,16,65536,6.151,9481,265,9746,7,0.07,OK
2026-05-22 14:31:38,Custom,0.10000,17,65536,6.152,9482,266,9748,8,0.08,OK
2026-05-22 14:31:49,Custom,0.10000,18,65536,6.297,9483,266,9749,9,0.09,OK
2026-05-22 14:32:00,Custom,0.10000,19,65536,6.149,9481,265,9746,7,0.07,OK
2026-05-22 14:32:11,Custom,0.10000,20,65536,6.149,9485,269,9754,11,0.12,OK
2026-05-22 14:32:22,Custom,0.10000,21,65536,6.152,9483,267,9750,9,0.09,OK
2026-05-22 14:32:33,Custom,0.10000,22,65536,6.150,9479,263,9742,5,0.05,OK
2026-05-22 14:32:43,Custom,0.10000,23,65536,6.148,9484,267,9751,10,0.11,OK
2026-05-22 14:32:54,Custom,0.10000,24,65536,6.152,9485,269,9754,11,0.12,OK
2026-05-22 14:33:05,Custom,0.10000,25,65536,6.151,9484,268,9752,10,0.11,OK
2026-05-22 14:33:16,Custom,0.10000,26,65536,6.152,9483,267,9750,9,0.09,OK
2026-05-22 14:33:27,Custom,0.10000,27,65536,6.304,9486,269,9755,12,0.13,OK
2026-05-22 14:33:37,Custom,0.10000,28,65536,6.158,9483,267,9750,9,0.09,OK
2026-05-22 14:33:48,Custom,0.10000,29,65536,6.158,9485,269,9754,11,0.12,OK
2026-05-22 14:33:59,Custom,0.10000,30,65536,6.144,9480,264,9744,6,0.06,OK
